IP,Date,Reports,Domain
116.98.171.119,12/5/2024,80,viettel.com.vn
116.98.171.119,12/4/2024,94,viettel.com.vn
116.98.171.119,12/3/2024,0,viettel.com.vn
116.98.171.119,12/2/2024,2,viettel.com.vn
116.98.171.119,12/1/2024,65,viettel.com.vn
113.125.140.222,12/5/2024,9,chinatelecom.cn
113.125.140.222,12/4/2024,17,chinatelecom.cn
113.125.140.222,12/3/2024,15,chinatelecom.cn
113.125.140.222,12/2/2024,8,chinatelecom.cn
113.125.140.222,12/1/2024,15,chinatelecom.cn
147.185.133.111,12/5/2024,68,paloaltonetworks.com
147.185.133.111,12/4/2024,24,paloaltonetworks.com
147.185.133.111,12/3/2024,6,paloaltonetworks.com
147.185.133.111,12/2/2024,20,paloaltonetworks.com
147.185.133.111,12/1/2024,72,paloaltonetworks.com
